INSERT INTO STUDENT VALUES(999843123,'Jason','Arnot','3722 temple dr','Auburn',95603);
INSERT INTO STUDENT VALUES(111222333,'dirt','bike','321 all the way','roseville',95607);
INSERT INTO STUDENT VALUES(222333111,'pump','handle','854 some the way','roseville',95607);
INSERT INTO STUDENT VALUES(333222111,'luis','mangoe','125 get way','roseville',95607);
INSERT INTO CLASSROOM VALUES(220,'RIVERSIDE HALL',50);
INSERT INTO COURSE VALUES('C11','Computer Architecture','CSC');
INSERT INTO COURSE VALUES('C21','VLSI','CSC');
INSERT INTO SECTION VALUES('C11',1);
INSERT INTO SECTION VALUES('C11',2);
INSERT INTO SECTION VALUES('C21',1);
INSERT INTO SECTION VALUES('C11',3);
INSERT INTO ENROLLS VALUES(111222333,1,'C11');
INSERT INTO ENROLLS VALUES(999843123,1,'C11');
INSERT INTO ENROLLS VALUES(222333111,1,'C11');
INSERT INTO ENROLLS VALUES(333222111,1,'C11');
INSERT INTO ENROLLS VALUES(999843123,1,'C21');
INSERT INTO ENROLLS VALUES(333222111,1,'C21');
INSERT INTO ENROLLS VALUES(111222333,1,'C21');
INSERT INTO EXAM VALUES('C11',1,1);
INSERT INTO EXAM VALUES('C11',2,2);
INSERT INTO EXAM VALUES('C21',1,3);
INSERT INTO TAKES VALUES(111222333,'C11',1,1,'A');
INSERT INTO TAKES VALUES(333222111,'C11',1,1,'A');
INSERT INTO TAKES VALUES(222333111,'C21',1,3,'A');
INSERT INTO TAKES VALUES(999843123,'C11',2,2,'A');
INSERT INTO TAKES VALUES(999843123,'C21',1,3,'A');
INSERT INTO CONDUCTED_IN VALUES(220,'RIVERSIDE HALL','C11',1,1);
INSERT INTO CONDUCTED_IN VALUES(220,'RIVERSIDE HALL','C11',2,2);
INSERT INTO CONDUCTED_IN VALUES(220,'RIVERSIDE HALL','C21',1,3);